Tarih,Urun_Adi,Satis_Adedi,Birim_Fiyat,Toplam_Ciro
2024-01-02,Laptop Standı,4,468.56,1874.24
2024-01-02,USB-C Hub,3,315.76,947.28
2024-01-02,Ergonomik Mouse,5,846.52,4232.6
2024-01-03,Laptop Standı,5,447.95,2239.75
2024-01-03,Mekanik Klavye,2,1116.04,2232.08
2024-01-03,USB-C Hub,5,295.38,1476.9
2024-01-03,Ergonomik Mouse,1,834.75,834.75
2024-01-03,Monitör Kolu,1,1566.58,1566.58
2024-01-04,Laptop Standı,5,488.57,2442.85
2024-01-04,Mekanik Klavye,5,1160.87,5804.349999999999
2024-01-04,Ergonomik Mouse,3,850.6,2551.8
2024-01-04,Monitör Kolu,1,1437.38,1437.38
2024-01-05,Laptop Standı,4,441.95,1767.8
2024-01-05,USB-C Hub,3,325.39,976.17
2024-01-06,Laptop Standı,1,405.67,405.67
2024-01-06,Mekanik Klavye,6,1245.88,7475.280000000001
2024-01-06,USB-C Hub,3,307.31,921.9300000000001
2024-01-06,Ergonomik Mouse,2,797.92,1595.84
2024-01-06,Monitör Kolu,6,1404.78,8428.68
2024-01-07,Laptop Standı,1,453.54,453.54
2024-01-07,USB-C Hub,6,302.61,1815.66
2024-01-07,Ergonomik Mouse,1,778.66,778.66
2024-01-07,Monitör Kolu,2,1500.32,3000.64
2024-01-08,Laptop Standı,4,429.31,1717.24
2024-01-08,Mekanik Klavye,2,1199.7,2399.4
2024-01-08,USB-C Hub,4,274.38,1097.52
2024-01-08,Ergonomik Mouse,4,873.08,3492.32
2024-01-08,Monitör Kolu,1,1417.15,1417.15
2024-01-09,Laptop Standı,3,483.04,1449.1200000000001
2024-01-09,Mekanik Klavye,3,1234.22,3702.66
2024-01-09,USB-C Hub,4,280.12,1120.48
2024-01-09,Ergonomik Mouse,4,825.37,3301.48
2024-01-09,Monitör Kolu,1,1617.5,1617.5
2024-01-10,Mekanik Klavye,1,1196.06,1196.06
2024-01-10,USB-C Hub,4,272.87,1091.48
2024-01-10,Ergonomik Mouse,2,829.26,1658.52
2024-01-10,Monitör Kolu,3,1582.56,4747.68
2024-01-11,Mekanik Klavye,4,1225.27,4901.08
2024-01-11,Ergonomik Mouse,1,889.21,889.21
2024-01-11,Monitör Kolu,2,1625.58,3251.16
2024-01-12,Laptop Standı,4,490.02,1960.08
2024-01-12,Monitör Kolu,5,1447.65,7238.25
2024-01-13,Laptop Standı,6,426.51,2559.06
2024-01-13,Mekanik Klavye,3,1106.18,3318.54
2024-01-13,Ergonomik Mouse,3,918.68,2756.04
2024-01-14,Laptop Standı,1,451.39,451.39
2024-01-14,USB-C Hub,2,285.67,571.34
2024-01-14,Ergonomik Mouse,6,931.72,5590.32
2024-01-14,Monitör Kolu,3,1373.71,4121.13
2024-01-15,Laptop Standı,2,412.23,824.46
2024-01-15,Mekanik Klavye,5,1184.65,5923.25
2024-01-15,USB-C Hub,1,280.02,280.02
2024-01-15,Ergonomik Mouse,5,912.45,4562.25
2024-01-16,Laptop Standı,3,488.73,1466.19
2024-01-16,Mekanik Klavye,4,1125.11,4500.44
2024-01-16,USB-C Hub,3,317.15,951.4499999999999
2024-01-17,Laptop Standı,5,450.62,2253.1
2024-01-17,USB-C Hub,4,294.85,1179.4
2024-01-17,Ergonomik Mouse,5,927.01,4635.05
2024-01-17,Monitör Kolu,4,1564.96,6259.84
2024-01-18,Laptop Standı,3,471.86,1415.58
2024-01-18,Mekanik Klavye,3,1123.9,3371.7000000000003
2024-01-18,USB-C Hub,5,305.13,1525.65
2024-01-18,Ergonomik Mouse,4,783.77,3135.08
2024-01-19,Mekanik Klavye,1,1152.56,1152.56
2024-01-19,Ergonomik Mouse,3,847.88,2543.64
2024-01-19,Monitör Kolu,1,1499.41,1499.41
2024-01-20,Laptop Standı,6,407.04,2442.2400000000002
2024-01-20,Mekanik Klavye,3,1100.83,3302.49
2024-01-21,Laptop Standı,1,442.39,442.39
2024-01-21,Mekanik Klavye,2,1142.78,2285.56
2024-01-21,USB-C Hub,5,320.54,1602.7
2024-01-21,Ergonomik Mouse,3,899.97,2699.91
2024-01-21,Monitör Kolu,3,1354.96,4064.88
2024-01-22,USB-C Hub,2,280.54,561.08
2024-01-22,Ergonomik Mouse,2,895.41,1790.82
2024-01-22,Monitör Kolu,2,1555.51,3111.02
2024-01-23,USB-C Hub,4,279.75,1119.0
2024-01-23,Ergonomik Mouse,4,869.9,3479.6
2024-01-23,Monitör Kolu,1,1577.43,1577.43
2024-01-24,Mekanik Klavye,1,1193.32,1193.32
2024-01-24,USB-C Hub,5,317.91,1589.5500000000002
2024-01-24,Ergonomik Mouse,2,791.39,1582.78
2024-01-24,Monitör Kolu,4,1640.36,6561.44
2024-01-25,Laptop Standı,2,473.46,946.92
2024-01-25,Mekanik Klavye,1,1186.81,1186.81
2024-01-25,Monitör Kolu,4,1448.02,5792.08
2024-01-26,Laptop Standı,5,468.43,2342.15
2024-01-26,USB-C Hub,5,325.18,1625.9
2024-01-26,Monitör Kolu,5,1489.76,7448.8
2024-01-27,Laptop Standı,3,479.93,1439.79
2024-01-27,Mekanik Klavye,3,1080.76,3242.2799999999997
2024-01-27,Ergonomik Mouse,5,877.35,4386.75
2024-01-28,Laptop Standı,2,488.18,976.36
2024-01-28,Mekanik Klavye,1,1130.66,1130.66
2024-01-28,USB-C Hub,1,307.53,307.53
2024-01-28,Monitör Kolu,1,1391.87,1391.87
2024-01-29,Laptop Standı,4,440.6,1762.4
2024-01-29,Mekanik Klavye,5,1319.5,6597.5
2024-01-29,USB-C Hub,3,305.42,916.26
2024-01-30,Laptop Standı,5,467.73,2338.65
2024-01-30,Mekanik Klavye,1,1251.31,1251.31
2024-01-30,Ergonomik Mouse,3,770.68,2312.04
2024-01-30,Monitör Kolu,1,1552.46,1552.46
2024-01-31,USB-C Hub,5,320.66,1603.3000000000002
2024-01-31,Monitör Kolu,4,1487.13,5948.52
2024-02-01,Mekanik Klavye,5,1185.06,5925.299999999999
2024-02-01,USB-C Hub,3,299.26,897.78
2024-02-01,Monitör Kolu,3,1536.17,4608.51
2024-02-02,Mekanik Klavye,3,1189.21,3567.63
2024-02-03,Mekanik Klavye,1,1306.75,1306.75
2024-02-03,USB-C Hub,2,327.78,655.56
2024-02-03,Ergonomik Mouse,6,857.74,5146.4400000000005
2024-02-03,Monitör Kolu,1,1501.88,1501.88
2024-02-04,USB-C Hub,2,322.06,644.12
2024-02-04,Ergonomik Mouse,1,917.26,917.26
2024-02-04,Monitör Kolu,1,1544.71,1544.71
2024-02-05,Laptop Standı,5,410.49,2052.45
2024-02-05,Mekanik Klavye,1,1246.75,1246.75
2024-02-05,USB-C Hub,2,275.73,551.46
2024-02-05,Ergonomik Mouse,2,900.89,1801.78
2024-02-05,Monitör Kolu,1,1472.48,1472.48
2024-02-06,Laptop Standı,1,440.42,440.42
2024-02-06,Mekanik Klavye,2,1248.61,2497.22
2024-02-06,USB-C Hub,1,322.54,322.54
2024-02-06,Ergonomik Mouse,1,783.01,783.01
2024-02-06,Monitör Kolu,3,1638.85,4916.549999999999
2024-02-07,USB-C Hub,4,322.04,1288.16
2024-02-07,Monitör Kolu,5,1423.39,7116.950000000001
2024-02-08,Mekanik Klavye,4,1086.3,4345.2
2024-02-08,USB-C Hub,5,321.28,1606.3999999999999
2024-02-08,Ergonomik Mouse,2,889.09,1778.18
2024-02-08,Monitör Kolu,2,1431.96,2863.92
2024-02-09,Laptop Standı,5,413.7,2068.5
2024-02-09,USB-C Hub,3,306.49,919.47
2024-02-09,Ergonomik Mouse,3,906.06,2718.18
2024-02-09,Monitör Kolu,2,1576.4,3152.8
2024-02-10,Laptop Standı,6,456.17,2737.02
2024-02-10,Mekanik Klavye,6,1088.09,6528.539999999999
2024-02-10,USB-C Hub,6,306.44,1838.6399999999999
2024-02-10,Ergonomik Mouse,3,837.19,2511.57
2024-02-10,Monitör Kolu,2,1530.0,3060.0
2024-02-11,Laptop Standı,1,470.08,470.08
2024-02-11,Ergonomik Mouse,2,919.48,1838.96
2024-02-11,Monitör Kolu,5,1430.11,7150.549999999999
2024-02-12,Laptop Standı,5,435.03,2175.1499999999996
2024-02-12,Mekanik Klavye,2,1315.94,2631.88
2024-02-12,USB-C Hub,2,291.57,583.14
2024-02-12,Ergonomik Mouse,4,793.38,3173.52
2024-02-13,Mekanik Klavye,3,1130.58,3391.74
2024-02-13,USB-C Hub,2,329.62,659.24
2024-02-13,Ergonomik Mouse,3,913.05,2739.1499999999996
2024-02-13,Monitör Kolu,2,1369.05,2738.1
2024-02-14,USB-C Hub,3,301.63,904.89
2024-02-14,Ergonomik Mouse,4,870.37,3481.48
2024-02-15,Mekanik Klavye,4,1307.44,5229.76
2024-02-15,USB-C Hub,5,276.03,1380.1499999999999
2024-02-15,Ergonomik Mouse,5,807.71,4038.55
2024-02-16,USB-C Hub,1,284.96,284.96
2024-02-16,Ergonomik Mouse,1,919.68,919.68
2024-02-17,Laptop Standı,1,494.3,494.3
2024-02-17,Mekanik Klavye,1,1114.9,1114.9
2024-02-17,USB-C Hub,5,287.96,1439.8
2024-02-17,Monitör Kolu,1,1569.74,1569.74
2024-02-18,Laptop Standı,5,405.63,2028.15
2024-02-18,Mekanik Klavye,6,1145.42,6872.52
2024-02-18,Ergonomik Mouse,6,923.84,5543.04
2024-02-18,Monitör Kolu,6,1490.55,8943.3
2024-02-19,Laptop Standı,1,405.19,405.19
2024-02-19,Mekanik Klavye,5,1225.79,6128.95
2024-02-19,Monitör Kolu,5,1586.87,7934.349999999999
2024-02-20,Ergonomik Mouse,1,842.92,842.92
2024-02-20,Monitör Kolu,4,1553.54,6214.16
2024-02-21,Laptop Standı,3,411.48,1234.44
2024-02-21,Mekanik Klavye,1,1202.31,1202.31
2024-02-21,Ergonomik Mouse,5,771.05,3855.25
2024-02-21,Monitör Kolu,2,1587.62,3175.24
2024-02-22,Laptop Standı,1,423.23,423.23
2024-02-22,Mekanik Klavye,1,1183.18,1183.18
2024-02-22,Ergonomik Mouse,1,831.8,831.8
2024-02-23,Laptop Standı,3,424.89,1274.67
2024-02-23,Mekanik Klavye,4,1138.3,4553.2
2024-02-23,Ergonomik Mouse,2,928.64,1857.28
2024-02-23,Monitör Kolu,1,1463.55,1463.55
2024-02-24,USB-C Hub,2,312.12,624.24
2024-02-24,Ergonomik Mouse,3,898.48,2695.44
2024-02-24,Monitör Kolu,6,1530.1,9180.599999999999
2024-02-25,Laptop Standı,6,440.96,2645.7599999999998
2024-02-25,Mekanik Klavye,5,1252.14,6260.700000000001
2024-02-25,USB-C Hub,2,306.74,613.48
2024-02-25,Ergonomik Mouse,2,904.57,1809.14
2024-02-25,Monitör Kolu,3,1621.8,4865.4
2024-02-26,USB-C Hub,1,316.26,316.26
2024-02-26,Ergonomik Mouse,3,804.74,2414.2200000000003
2024-02-27,Laptop Standı,5,430.53,2152.6499999999996
2024-02-27,Mekanik Klavye,1,1253.25,1253.25
2024-02-27,USB-C Hub,5,296.48,1482.4
2024-02-28,Laptop Standı,2,456.26,912.52
2024-02-28,Mekanik Klavye,3,1311.04,3933.12
2024-02-28,Ergonomik Mouse,3,789.9,2369.7
2024-02-29,Monitör Kolu,4,1440.2,5760.8
2024-03-01,Mekanik Klavye,2,1314.61,2629.22
2024-03-01,Ergonomik Mouse,3,787.35,2362.05
2024-03-01,Monitör Kolu,5,1431.69,7158.450000000001
2024-03-02,Mekanik Klavye,6,1292.44,7754.64
2024-03-02,USB-C Hub,5,278.69,1393.45
2024-03-02,Monitör Kolu,1,1557.1,1557.1
2024-03-03,Laptop Standı,6,442.62,2655.7200000000003
2024-03-03,USB-C Hub,3,291.05,873.1500000000001
2024-03-03,Ergonomik Mouse,3,825.28,2475.84
2024-03-03,Monitör Kolu,2,1420.27,2840.54
2024-03-04,Laptop Standı,1,471.58,471.58
2024-03-04,Mekanik Klavye,4,1153.56,4614.24
2024-03-04,Ergonomik Mouse,5,913.25,4566.25
2024-03-05,Laptop Standı,2,459.9,919.8
2024-03-05,Mekanik Klavye,2,1188.62,2377.24
2024-03-05,USB-C Hub,3,299.33,897.99
2024-03-05,Ergonomik Mouse,2,785.33,1570.66
2024-03-05,Monitör Kolu,1,1361.85,1361.85
2024-03-06,Laptop Standı,1,425.6,425.6
2024-03-06,Mekanik Klavye,1,1116.54,1116.54
2024-03-06,USB-C Hub,1,324.59,324.59
2024-03-06,Ergonomik Mouse,5,850.8,4254.0
2024-03-06,Monitör Kolu,1,1470.34,1470.34
2024-03-07,USB-C Hub,5,309.1,1545.5
2024-03-07,Ergonomik Mouse,1,919.79,919.79
2024-03-08,Mekanik Klavye,2,1218.96,2437.92
2024-03-09,Laptop Standı,5,472.88,2364.4
2024-03-09,Mekanik Klavye,1,1303.09,1303.09
2024-03-09,USB-C Hub,5,281.6,1408.0
2024-03-10,Ergonomik Mouse,2,832.73,1665.46
2024-03-11,Laptop Standı,5,473.86,2369.3
2024-03-11,Ergonomik Mouse,4,904.43,3617.72
2024-03-11,Monitör Kolu,3,1406.28,4218.84
2024-03-12,Mekanik Klavye,4,1124.7,4498.8
2024-03-12,USB-C Hub,3,309.08,927.24
2024-03-13,Laptop Standı,1,417.94,417.94
2024-03-13,Mekanik Klavye,4,1211.23,4844.92
2024-03-13,USB-C Hub,4,314.92,1259.68
2024-03-13,Ergonomik Mouse,2,905.17,1810.34
2024-03-13,Monitör Kolu,4,1414.99,5659.96
2024-03-14,Laptop Standı,4,448.18,1792.72
2024-03-14,USB-C Hub,4,271.89,1087.56
2024-03-14,Ergonomik Mouse,1,815.46,815.46
2024-03-15,Laptop Standı,1,408.99,408.99
2024-03-15,Mekanik Klavye,4,1155.12,4620.48
2024-03-15,Ergonomik Mouse,1,832.1,832.1
2024-03-15,Monitör Kolu,4,1606.04,6424.16
2024-03-16,Laptop Standı,2,474.72,949.44
2024-03-16,Mekanik Klavye,2,1084.71,2169.42
2024-03-16,Ergonomik Mouse,3,784.98,2354.94
2024-03-16,Monitör Kolu,1,1422.05,1422.05
2024-03-17,Laptop Standı,2,478.5,957.0
2024-03-17,USB-C Hub,1,312.28,312.28
2024-03-17,Monitör Kolu,3,1375.69,4127.07
2024-03-18,Laptop Standı,1,474.84,474.84
2024-03-18,Mekanik Klavye,4,1172.62,4690.48
2024-03-18,USB-C Hub,2,303.54,607.08
2024-03-18,Ergonomik Mouse,4,840.11,3360.44
2024-03-19,Laptop Standı,2,453.67,907.34
2024-03-19,USB-C Hub,3,327.99,983.97
2024-03-20,Laptop Standı,1,475.71,475.71
2024-03-20,Mekanik Klavye,4,1222.22,4888.88
2024-03-20,USB-C Hub,3,278.22,834.6600000000001
2024-03-20,Ergonomik Mouse,2,919.95,1839.9
2024-03-20,Monitör Kolu,3,1450.84,4352.5199999999995
2024-03-21,Laptop Standı,5,413.4,2067.0
2024-03-21,Mekanik Klavye,2,1267.16,2534.32
2024-03-21,USB-C Hub,4,286.23,1144.92
2024-03-21,Monitör Kolu,4,1536.58,6146.32
2024-03-22,Laptop Standı,3,422.37,1267.1100000000001
2024-03-22,Mekanik Klavye,3,1223.5,3670.5
2024-03-22,USB-C Hub,4,280.95,1123.8
2024-03-22,Monitör Kolu,4,1553.26,6213.04
2024-03-23,Laptop Standı,6,441.42,2648.52
2024-03-23,USB-C Hub,5,308.91,1544.5500000000002
2024-03-23,Monitör Kolu,2,1427.61,2855.22
2024-03-24,Laptop Standı,1,484.42,484.42
2024-03-24,USB-C Hub,3,317.33,951.99
2024-03-25,Laptop Standı,2,480.41,960.82
2024-03-26,Laptop Standı,4,441.57,1766.28
2024-03-26,Mekanik Klavye,1,1250.73,1250.73
2024-03-26,USB-C Hub,5,325.29,1626.45
2024-03-26,Ergonomik Mouse,5,853.82,4269.1
2024-03-27,Mekanik Klavye,3,1118.77,3356.31
2024-03-27,USB-C Hub,2,298.96,597.92
2024-03-27,Ergonomik Mouse,3,807.33,2421.9900000000002
2024-03-28,Laptop Standı,5,450.14,2250.7
2024-03-28,Mekanik Klavye,2,1174.2,2348.4
2024-03-28,USB-C Hub,3,328.14,984.42
2024-03-28,Ergonomik Mouse,5,880.61,4403.05
2024-03-28,Monitör Kolu,3,1603.76,4811.28
2024-03-29,Laptop Standı,4,456.39,1825.56
2024-03-29,Mekanik Klavye,1,1232.08,1232.08
2024-03-29,USB-C Hub,2,287.79,575.58
2024-03-29,Monitör Kolu,4,1530.64,6122.56
2024-03-30,Laptop Standı,3,450.39,1351.17
2024-03-30,Mekanik Klavye,6,1118.74,6712.4400000000005
2024-03-30,USB-C Hub,6,326.71,1960.2599999999998
2024-03-30,Ergonomik Mouse,6,863.98,5183.88
2024-03-30,Monitör Kolu,1,1447.23,1447.23
2024-03-31,Laptop Standı,6,432.89,2597.34
2024-03-31,Mekanik Klavye,3,1227.94,3683.82
2024-03-31,USB-C Hub,2,279.08,558.16
2024-03-31,Ergonomik Mouse,3,785.24,2355.7200000000003
2024-03-31,Monitör Kolu,1,1526.41,1526.41
2024-04-01,Laptop Standı,2,449.19,898.38
2024-04-01,Mekanik Klavye,5,1106.68,5533.400000000001
2024-04-01,USB-C Hub,1,284.07,284.07
2024-04-01,Ergonomik Mouse,2,801.41,1602.82
2024-04-02,Laptop Standı,1,442.27,442.27
2024-04-02,Mekanik Klavye,3,1225.07,3675.21
2024-04-02,Ergonomik Mouse,4,814.6,3258.4
2024-04-03,Laptop Standı,2,485.41,970.82
2024-04-03,Mekanik Klavye,1,1309.76,1309.76
2024-04-03,USB-C Hub,2,307.18,614.36
2024-04-03,Ergonomik Mouse,2,892.2,1784.4
2024-04-03,Monitör Kolu,2,1364.12,2728.24
2024-04-04,Laptop Standı,3,469.88,1409.6399999999999
2024-04-04,USB-C Hub,1,289.41,289.41
2024-04-04,Ergonomik Mouse,3,918.22,2754.66
2024-04-04,Monitör Kolu,2,1507.7,3015.4
2024-04-05,Laptop Standı,3,484.6,1453.8000000000002
2024-04-05,Mekanik Klavye,5,1086.47,5432.35
2024-04-05,Monitör Kolu,4,1545.43,6181.72
2024-04-06,Laptop Standı,2,490.08,980.16
2024-04-06,Mekanik Klavye,6,1122.6,6735.599999999999
2024-04-06,USB-C Hub,5,278.99,1394.95
2024-04-06,Ergonomik Mouse,2,805.06,1610.12
2024-04-06,Monitör Kolu,5,1366.83,6834.15
2024-04-07,Laptop Standı,2,417.71,835.42
2024-04-07,Mekanik Klavye,1,1227.1,1227.1
2024-04-07,Ergonomik Mouse,6,807.33,4843.9800000000005
2024-04-07,Monitör Kolu,2,1626.96,3253.92
2024-04-08,Laptop Standı,1,473.62,473.62
2024-04-08,Mekanik Klavye,5,1171.72,5858.6
2024-04-08,USB-C Hub,1,326.41,326.41
2024-04-08,Ergonomik Mouse,4,844.73,3378.92
2024-04-08,Monitör Kolu,1,1498.3,1498.3
2024-04-09,Laptop Standı,4,463.1,1852.4
2024-04-09,Mekanik Klavye,1,1145.82,1145.82
2024-04-09,USB-C Hub,5,277.56,1387.8
2024-04-09,Ergonomik Mouse,1,912.85,912.85
2024-04-09,Monitör Kolu,3,1605.13,4815.39
2024-04-10,Mekanik Klavye,4,1150.25,4601.0
2024-04-10,USB-C Hub,3,329.77,989.31
2024-04-11,USB-C Hub,2,299.47,598.94
2024-04-11,Monitör Kolu,5,1378.07,6890.349999999999
2024-04-12,Laptop Standı,5,458.28,2291.3999999999996
2024-04-12,USB-C Hub,4,311.16,1244.64
2024-04-13,Laptop Standı,2,468.99,937.98
2024-04-13,Ergonomik Mouse,1,835.91,835.91
2024-04-13,Monitör Kolu,5,1412.1,7060.5
2024-04-14,Laptop Standı,1,457.93,457.93
2024-04-14,USB-C Hub,5,309.02,1545.1
2024-04-14,Ergonomik Mouse,1,914.88,914.88
2024-04-15,Laptop Standı,3,456.66,1369.98
2024-04-15,Mekanik Klavye,3,1167.82,3503.46
2024-04-15,USB-C Hub,3,272.3,816.9000000000001
2024-04-15,Ergonomik Mouse,1,914.34,914.34
2024-04-15,Monitör Kolu,3,1645.57,4936.71
2024-04-16,USB-C Hub,3,278.93,836.79
2024-04-16,Ergonomik Mouse,5,866.17,4330.849999999999
2024-04-17,Laptop Standı,4,475.75,1903.0
2024-04-17,USB-C Hub,4,286.95,1147.8
2024-04-17,Ergonomik Mouse,2,876.58,1753.16
2024-04-17,Monitör Kolu,3,1563.54,4690.62
2024-04-18,Laptop Standı,2,411.75,823.5
2024-04-18,Mekanik Klavye,2,1304.46,2608.92
2024-04-18,USB-C Hub,1,274.51,274.51
2024-04-18,Ergonomik Mouse,3,891.87,2675.61
2024-04-18,Monitör Kolu,2,1437.79,2875.58
2024-04-19,Laptop Standı,5,413.93,2069.65
2024-04-19,Mekanik Klavye,5,1287.97,6439.85
2024-04-19,USB-C Hub,3,310.71,932.1299999999999
2024-04-19,Ergonomik Mouse,5,906.71,4533.55
2024-04-19,Monitör Kolu,1,1609.78,1609.78
2024-04-20,Laptop Standı,3,411.42,1234.26
2024-04-20,Mekanik Klavye,3,1115.16,3345.4800000000005
2024-04-20,Ergonomik Mouse,2,804.07,1608.14
2024-04-20,Monitör Kolu,3,1625.01,4875.03
2024-04-21,Monitör Kolu,2,1384.02,2768.04
2024-04-22,Laptop Standı,3,487.15,1461.4499999999998
2024-04-22,Ergonomik Mouse,4,779.72,3118.88
2024-04-22,Monitör Kolu,5,1637.61,8188.049999999999
2024-04-23,Laptop Standı,3,463.06,1389.18
2024-04-23,Mekanik Klavye,3,1249.07,3747.21
2024-04-23,Ergonomik Mouse,5,818.56,4092.7999999999997
2024-04-24,Laptop Standı,3,437.48,1312.44
2024-04-24,USB-C Hub,1,296.44,296.44
2024-04-24,Ergonomik Mouse,1,915.15,915.15
2024-04-24,Monitör Kolu,4,1475.11,5900.44
2024-04-25,Mekanik Klavye,2,1123.2,2246.4
2024-04-25,Monitör Kolu,4,1625.59,6502.36
2024-04-26,Laptop Standı,2,494.32,988.64
2024-04-26,Mekanik Klavye,1,1230.98,1230.98
2024-04-26,Ergonomik Mouse,2,922.9,1845.8
2024-04-26,Monitör Kolu,1,1520.05,1520.05
2024-04-27,Laptop Standı,1,430.64,430.64
2024-04-27,Monitör Kolu,1,1437.46,1437.46
2024-04-28,Mekanik Klavye,5,1253.33,6266.65
2024-04-28,USB-C Hub,6,305.98,1835.88
2024-04-28,Ergonomik Mouse,1,818.58,818.58
2024-04-29,Laptop Standı,1,492.83,492.83
2024-04-29,USB-C Hub,4,297.58,1190.32
2024-04-29,Ergonomik Mouse,2,889.13,1778.26
2024-04-29,Monitör Kolu,4,1350.64,5402.56
2024-04-30,Laptop Standı,3,470.62,1411.8600000000001
2024-04-30,USB-C Hub,5,283.53,1417.6499999999999
2024-04-30,Ergonomik Mouse,2,862.69,1725.38
2024-04-30,Monitör Kolu,5,1395.46,6977.3
2024-05-01,Mekanik Klavye,2,1102.31,2204.62
2024-05-01,USB-C Hub,5,284.35,1421.75
2024-05-01,Ergonomik Mouse,3,885.38,2656.14
2024-05-02,Laptop Standı,4,474.4,1897.6
2024-05-02,Mekanik Klavye,5,1232.82,6164.099999999999
2024-05-02,Ergonomik Mouse,4,827.92,3311.68
2024-05-03,Laptop Standı,4,454.03,1816.12
2024-05-03,Mekanik Klavye,4,1143.5,4574.0
2024-05-03,USB-C Hub,5,275.87,1379.35
2024-05-03,Ergonomik Mouse,3,771.82,2315.46
2024-05-03,Monitör Kolu,3,1512.21,4536.63
2024-05-04,Laptop Standı,2,433.05,866.1
2024-05-04,Mekanik Klavye,3,1154.4,3463.2000000000003
2024-05-04,USB-C Hub,6,325.49,1952.94
2024-05-04,Monitör Kolu,2,1620.82,3241.64
2024-05-05,Laptop Standı,1,413.76,413.76
2024-05-05,Mekanik Klavye,3,1305.23,3915.69
2024-05-05,USB-C Hub,5,305.58,1527.8999999999999
2024-05-06,Ergonomik Mouse,1,914.32,914.32
2024-05-06,Monitör Kolu,5,1437.1,7185.5
2024-05-07,Laptop Standı,3,409.63,1228.8899999999999
2024-05-07,Mekanik Klavye,1,1239.28,1239.28
2024-05-07,USB-C Hub,5,271.54,1357.7
2024-05-07,Monitör Kolu,5,1618.44,8092.200000000001
2024-05-08,Laptop Standı,4,474.54,1898.16
2024-05-08,Mekanik Klavye,4,1218.66,4874.64
2024-05-08,USB-C Hub,1,326.66,326.66
2024-05-08,Ergonomik Mouse,4,911.34,3645.36
2024-05-08,Monitör Kolu,4,1530.53,6122.12
2024-05-09,Laptop Standı,3,430.35,1291.0500000000002
2024-05-09,Mekanik Klavye,5,1120.26,5601.3
2024-05-09,USB-C Hub,3,312.98,938.94
2024-05-09,Ergonomik Mouse,3,813.86,2441.58
2024-05-09,Monitör Kolu,1,1489.86,1489.86
2024-05-10,Laptop Standı,5,457.79,2288.9500000000003
2024-05-10,Mekanik Klavye,3,1312.17,3936.51
2024-05-10,Ergonomik Mouse,3,779.7,2339.1000000000004
2024-05-10,Monitör Kolu,3,1350.75,4052.25
2024-05-11,Laptop Standı,5,433.37,2166.85
2024-05-11,USB-C Hub,5,293.26,1466.3
2024-05-11,Ergonomik Mouse,2,897.46,1794.92
2024-05-11,Monitör Kolu,5,1525.91,7629.55
2024-05-12,Laptop Standı,5,477.89,2389.45
2024-05-12,Mekanik Klavye,2,1196.82,2393.64
2024-05-12,USB-C Hub,6,296.15,1776.8999999999999
2024-05-12,Ergonomik Mouse,1,929.59,929.59
2024-05-12,Monitör Kolu,5,1398.63,6993.150000000001
2024-05-13,Monitör Kolu,1,1537.05,1537.05
2024-05-14,Mekanik Klavye,5,1223.13,6115.650000000001
2024-05-14,Ergonomik Mouse,2,805.09,1610.18
2024-05-14,Monitör Kolu,2,1592.68,3185.36
2024-05-15,Laptop Standı,2,425.82,851.64
2024-05-15,USB-C Hub,4,279.82,1119.28
2024-05-15,Monitör Kolu,3,1598.88,4796.64
2024-05-16,Mekanik Klavye,2,1129.2,2258.4
2024-05-16,USB-C Hub,1,296.48,296.48
2024-05-16,Ergonomik Mouse,3,806.36,2419.08
2024-05-16,Monitör Kolu,3,1615.56,4846.68
2024-05-17,Laptop Standı,1,470.91,470.91
2024-05-17,Mekanik Klavye,2,1142.01,2284.02
2024-05-17,USB-C Hub,1,320.97,320.97
2024-05-17,Ergonomik Mouse,4,924.39,3697.56
2024-05-17,Monitör Kolu,4,1469.44,5877.76
2024-05-18,Laptop Standı,3,433.49,1300.47
2024-05-18,Mekanik Klavye,3,1225.92,3677.76
2024-05-18,USB-C Hub,5,296.55,1482.75
2024-05-18,Ergonomik Mouse,2,804.43,1608.86
2024-05-18,Monitör Kolu,5,1520.46,7602.3
2024-05-19,Laptop Standı,6,466.8,2800.8
2024-05-19,Mekanik Klavye,3,1148.6,3445.7999999999997
2024-05-19,Ergonomik Mouse,3,823.7,2471.1000000000004
2024-05-19,Monitör Kolu,5,1505.41,7527.05
2024-05-20,Laptop Standı,1,487.33,487.33
2024-05-20,Ergonomik Mouse,5,800.17,4000.85
2024-05-20,Monitör Kolu,4,1446.53,5786.12
2024-05-21,Mekanik Klavye,2,1190.63,2381.26
2024-05-21,Ergonomik Mouse,5,897.21,4486.05
2024-05-22,Laptop Standı,4,489.89,1959.56
2024-05-22,Mekanik Klavye,4,1184.47,4737.88
2024-05-22,USB-C Hub,5,291.84,1459.1999999999998
2024-05-22,Ergonomik Mouse,1,873.34,873.34
2024-05-22,Monitör Kolu,2,1591.76,3183.52
2024-05-23,Laptop Standı,3,493.61,1480.83
2024-05-23,Mekanik Klavye,5,1269.8,6349.0
2024-05-23,Ergonomik Mouse,1,787.68,787.68
2024-05-23,Monitör Kolu,5,1622.32,8111.599999999999
2024-05-24,Laptop Standı,3,452.57,1357.71
2024-05-24,Monitör Kolu,3,1464.27,4392.8099999999995
2024-05-25,Laptop Standı,2,479.12,958.24
2024-05-25,Mekanik Klavye,3,1267.62,3802.8599999999997
2024-05-25,USB-C Hub,1,274.04,274.04
2024-05-25,Ergonomik Mouse,1,770.18,770.18
2024-05-26,Laptop Standı,5,415.23,2076.15
2024-05-26,Mekanik Klavye,3,1308.8,3926.3999999999996
2024-05-26,USB-C Hub,6,279.57,1677.42
2024-05-26,Ergonomik Mouse,1,772.04,772.04
2024-05-27,Mekanik Klavye,4,1149.01,4596.04
2024-05-27,USB-C Hub,2,272.88,545.76
2024-05-27,Ergonomik Mouse,5,812.17,4060.85
2024-05-28,Laptop Standı,4,436.09,1744.36
2024-05-28,USB-C Hub,4,324.78,1299.12
2024-05-29,Laptop Standı,3,410.15,1230.4499999999998
2024-05-29,Mekanik Klavye,2,1264.42,2528.84
2024-05-29,Monitör Kolu,3,1368.22,4104.66
2024-05-30,Laptop Standı,5,407.58,2037.8999999999999
2024-05-30,Mekanik Klavye,2,1269.82,2539.64
2024-05-30,Ergonomik Mouse,4,787.4,3149.6
2024-05-31,Laptop Standı,2,456.79,913.58
2024-05-31,Monitör Kolu,1,1379.2,1379.2
2024-06-01,Laptop Standı,3,411.02,1233.06
2024-06-01,Mekanik Klavye,2,1156.44,2312.88
2024-06-01,USB-C Hub,2,300.47,600.94
2024-06-01,Ergonomik Mouse,1,830.1,830.1
2024-06-01,Monitör Kolu,1,1610.53,1610.53
2024-06-02,Mekanik Klavye,3,1219.82,3659.46
2024-06-02,Monitör Kolu,2,1538.03,3076.06
2024-06-03,Mekanik Klavye,3,1299.31,3897.93
2024-06-03,USB-C Hub,3,297.35,892.0500000000001
2024-06-03,Monitör Kolu,5,1362.98,6814.9
2024-06-04,Mekanik Klavye,4,1278.42,5113.68
2024-06-04,USB-C Hub,3,295.32,885.96
2024-06-04,Ergonomik Mouse,1,818.5,818.5
2024-06-04,Monitör Kolu,2,1395.0,2790.0
2024-06-05,Mekanik Klavye,1,1259.98,1259.98
2024-06-05,USB-C Hub,4,306.96,1227.84
2024-06-05,Monitör Kolu,3,1463.4,4390.200000000001
2024-06-06,Laptop Standı,4,447.38,1789.52
2024-06-06,Mekanik Klavye,2,1150.89,2301.78
2024-06-06,USB-C Hub,2,318.93,637.86
2024-06-06,Ergonomik Mouse,4,872.41,3489.64
2024-06-06,Monitör Kolu,4,1636.78,6547.12
2024-06-07,Laptop Standı,1,456.12,456.12
2024-06-07,Mekanik Klavye,5,1169.6,5848.0
2024-06-07,USB-C Hub,3,329.43,988.29
2024-06-07,Ergonomik Mouse,3,768.21,2304.63
2024-06-07,Monitör Kolu,5,1636.25,8181.25
2024-06-08,Mekanik Klavye,2,1280.07,2560.14
2024-06-08,Monitör Kolu,3,1455.05,4365.15
2024-06-09,USB-C Hub,5,291.15,1455.75
2024-06-09,Ergonomik Mouse,2,879.97,1759.94
2024-06-10,Laptop Standı,5,435.5,2177.5
2024-06-10,USB-C Hub,1,317.56,317.56
2024-06-10,Ergonomik Mouse,5,867.49,4337.45
2024-06-10,Monitör Kolu,5,1428.26,7141.3
2024-06-11,USB-C Hub,3,308.83,926.49
2024-06-11,Ergonomik Mouse,5,868.49,4342.45
2024-06-12,Laptop Standı,3,445.69,1337.07
2024-06-12,Mekanik Klavye,4,1083.19,4332.76
2024-06-12,USB-C Hub,3,285.69,857.0699999999999
2024-06-12,Monitör Kolu,1,1602.35,1602.35
2024-06-13,Laptop Standı,1,494.1,494.1
2024-06-13,Mekanik Klavye,3,1315.18,3945.54
2024-06-13,USB-C Hub,3,301.0,903.0
2024-06-13,Ergonomik Mouse,1,900.84,900.84
2024-06-13,Monitör Kolu,3,1486.87,4460.61
2024-06-14,Laptop Standı,1,454.48,454.48
2024-06-14,USB-C Hub,3,272.58,817.74
2024-06-14,Ergonomik Mouse,3,920.48,2761.44
2024-06-14,Monitör Kolu,2,1628.1,3256.2
2024-06-15,Laptop Standı,6,461.31,2767.86
2024-06-15,Mekanik Klavye,2,1182.48,2364.96
2024-06-15,USB-C Hub,2,283.53,567.06
2024-06-15,Ergonomik Mouse,3,840.4,2521.2
2024-06-15,Monitör Kolu,6,1594.18,9565.08
2024-06-16,Laptop Standı,1,430.03,430.03
2024-06-16,Mekanik Klavye,5,1199.57,5997.849999999999
2024-06-16,USB-C Hub,3,314.05,942.1500000000001
2024-06-16,Monitör Kolu,6,1620.27,9721.619999999999
2024-06-17,Laptop Standı,4,414.99,1659.96
2024-06-17,USB-C Hub,1,298.64,298.64
2024-06-17,Ergonomik Mouse,2,933.47,1866.94
2024-06-17,Monitör Kolu,3,1370.42,4111.26
2024-06-18,Laptop Standı,3,467.31,1401.93
2024-06-18,Mekanik Klavye,2,1240.72,2481.44
2024-06-18,USB-C Hub,1,276.61,276.61
2024-06-18,Ergonomik Mouse,4,855.4,3421.6
2024-06-18,Monitör Kolu,1,1514.96,1514.96
2024-06-19,Laptop Standı,4,474.39,1897.56
2024-06-19,Mekanik Klavye,1,1238.7,1238.7
2024-06-19,USB-C Hub,4,270.51,1082.04
2024-06-19,Monitör Kolu,4,1616.61,6466.44
2024-06-20,Mekanik Klavye,5,1086.16,5430.8
2024-06-20,USB-C Hub,5,316.54,1582.7
2024-06-20,Ergonomik Mouse,2,887.81,1775.62
2024-06-20,Monitör Kolu,2,1432.37,2864.74
2024-06-21,Laptop Standı,1,457.45,457.45
2024-06-21,Mekanik Klavye,4,1130.77,4523.08
2024-06-21,Ergonomik Mouse,2,810.13,1620.26
2024-06-22,Laptop Standı,5,455.43,2277.15
2024-06-22,Mekanik Klavye,5,1091.66,5458.3
2024-06-22,Ergonomik Mouse,1,830.89,830.89
2024-06-22,Monitör Kolu,2,1608.31,3216.62
2024-06-23,Laptop Standı,5,455.25,2276.25
2024-06-23,Monitör Kolu,2,1635.37,3270.74
2024-06-24,Mekanik Klavye,5,1150.53,5752.65
2024-06-25,Laptop Standı,2,476.06,952.12
2024-06-25,Mekanik Klavye,2,1268.33,2536.66
2024-06-25,Monitör Kolu,1,1541.35,1541.35
2024-06-26,Ergonomik Mouse,3,774.71,2324.13
2024-06-26,Monitör Kolu,5,1498.94,7494.700000000001
2024-06-27,Laptop Standı,1,460.63,460.63
2024-06-27,Mekanik Klavye,5,1184.01,5920.05
2024-06-27,USB-C Hub,2,306.92,613.84
2024-06-27,Ergonomik Mouse,1,932.62,932.62
2024-06-27,Monitör Kolu,5,1648.66,8243.300000000001
2024-06-28,Laptop Standı,5,458.28,2291.3999999999996
2024-06-28,Mekanik Klavye,5,1096.86,5484.299999999999
2024-06-28,USB-C Hub,4,311.68,1246.72
2024-06-28,Monitör Kolu,3,1467.39,4402.17
2024-06-29,USB-C Hub,2,294.12,588.24
2024-06-29,Monitör Kolu,2,1525.72,3051.44
2024-06-30,Laptop Standı,6,450.35,2702.1000000000004
2024-06-30,USB-C Hub,1,306.37,306.37
2024-06-30,Ergonomik Mouse,5,817.66,4088.2999999999997
2024-07-01,Mekanik Klavye,1,1134.58,1134.58
2024-07-01,USB-C Hub,2,279.79,559.58
2024-07-01,Monitör Kolu,5,1379.55,6897.75
2024-07-02,Laptop Standı,1,447.94,447.94
2024-07-02,Mekanik Klavye,5,1213.49,6067.45
2024-07-02,Monitör Kolu,2,1446.07,2892.14
2024-07-03,Mekanik Klavye,5,1155.42,5777.1
2024-07-03,Monitör Kolu,5,1647.74,8238.7
2024-07-04,Mekanik Klavye,1,1227.65,1227.65
2024-07-04,USB-C Hub,1,298.72,298.72
2024-07-04,Ergonomik Mouse,4,909.37,3637.48
2024-07-05,Laptop Standı,3,466.74,1400.22
2024-07-05,Mekanik Klavye,4,1153.97,4615.88
2024-07-05,USB-C Hub,1,270.33,270.33
2024-07-05,Ergonomik Mouse,5,851.26,4256.3
2024-07-06,Laptop Standı,2,456.28,912.56
2024-07-06,Mekanik Klavye,1,1240.82,1240.82
2024-07-06,USB-C Hub,5,322.5,1612.5
2024-07-06,Monitör Kolu,1,1605.49,1605.49
2024-07-07,USB-C Hub,3,275.53,826.5899999999999
2024-07-07,Monitör Kolu,1,1409.57,1409.57
2024-07-08,Laptop Standı,1,409.89,409.89
2024-07-08,Mekanik Klavye,2,1087.94,2175.88
2024-07-08,USB-C Hub,2,283.15,566.3
2024-07-08,Ergonomik Mouse,3,840.49,2521.4700000000003
2024-07-08,Monitör Kolu,1,1467.83,1467.83
2024-07-09,Laptop Standı,5,475.86,2379.3
2024-07-09,Mekanik Klavye,1,1091.04,1091.04
2024-07-09,Ergonomik Mouse,2,912.37,1824.74
2024-07-10,Laptop Standı,3,458.79,1376.3700000000001
2024-07-10,Mekanik Klavye,1,1140.56,1140.56
2024-07-10,Monitör Kolu,1,1601.84,1601.84
2024-07-11,Laptop Standı,2,451.16,902.32
2024-07-11,Mekanik Klavye,1,1261.47,1261.47
2024-07-11,USB-C Hub,2,300.22,600.44
2024-07-11,Ergonomik Mouse,2,880.66,1761.32
2024-07-11,Monitör Kolu,4,1452.58,5810.32
2024-07-12,Mekanik Klavye,4,1287.38,5149.52
2024-07-12,Ergonomik Mouse,3,892.95,2678.8500000000004
2024-07-12,Monitör Kolu,1,1473.81,1473.81
2024-07-13,Mekanik Klavye,6,1220.25,7321.5
2024-07-13,USB-C Hub,3,308.99,926.97
2024-07-13,Monitör Kolu,5,1536.91,7684.55
2024-07-14,Laptop Standı,2,492.38,984.76
2024-07-14,USB-C Hub,1,295.67,295.67
2024-07-14,Ergonomik Mouse,2,880.58,1761.16
2024-07-14,Monitör Kolu,2,1464.59,2929.18
2024-07-15,Laptop Standı,5,437.37,2186.85
2024-07-15,Mekanik Klavye,4,1165.4,4661.6
2024-07-15,USB-C Hub,1,304.22,304.22
2024-07-15,Monitör Kolu,4,1635.6,6542.4
2024-07-16,Laptop Standı,5,465.87,2329.35
2024-07-16,Mekanik Klavye,1,1271.57,1271.57
2024-07-16,USB-C Hub,5,284.14,1420.6999999999998
2024-07-16,Ergonomik Mouse,4,811.55,3246.2
2024-07-17,Laptop Standı,2,443.77,887.54
2024-07-17,Ergonomik Mouse,3,890.33,2670.9900000000002
2024-07-17,Monitör Kolu,4,1426.05,5704.2
2024-07-18,Laptop Standı,1,493.24,493.24
2024-07-18,Ergonomik Mouse,2,866.94,1733.88
2024-07-18,Monitör Kolu,2,1556.92,3113.84
2024-07-19,Laptop Standı,3,451.2,1353.6
2024-07-19,USB-C Hub,3,320.82,962.46
2024-07-19,Ergonomik Mouse,1,893.47,893.47
2024-07-20,Laptop Standı,6,441.67,2650.02
2024-07-20,Mekanik Klavye,2,1216.63,2433.26
2024-07-20,Ergonomik Mouse,1,860.29,860.29
2024-07-20,Monitör Kolu,6,1562.71,9376.26
2024-07-21,Laptop Standı,5,436.18,2180.9
2024-07-21,Mekanik Klavye,1,1300.8,1300.8
2024-07-21,USB-C Hub,1,306.75,306.75
2024-07-21,Ergonomik Mouse,5,787.2,3936.0
2024-07-21,Monitör Kolu,6,1440.32,8641.92
2024-07-22,USB-C Hub,1,296.43,296.43
2024-07-22,Ergonomik Mouse,1,788.72,788.72
2024-07-22,Monitör Kolu,3,1591.99,4775.97
2024-07-23,Laptop Standı,3,449.1,1347.3000000000002
2024-07-23,Mekanik Klavye,5,1114.33,5571.65
2024-07-23,USB-C Hub,3,282.81,848.4300000000001
2024-07-23,Ergonomik Mouse,2,838.04,1676.08
2024-07-23,Monitör Kolu,2,1487.99,2975.98
2024-07-24,Mekanik Klavye,5,1173.26,5866.3
2024-07-24,USB-C Hub,4,296.37,1185.48
2024-07-24,Ergonomik Mouse,1,791.02,791.02
2024-07-24,Monitör Kolu,5,1470.11,7350.549999999999
2024-07-25,Mekanik Klavye,4,1299.74,5198.96
2024-07-25,USB-C Hub,1,271.45,271.45
2024-07-25,Ergonomik Mouse,2,792.81,1585.62
2024-07-25,Monitör Kolu,2,1562.91,3125.82
2024-07-26,Laptop Standı,5,473.55,2367.75
2024-07-26,Mekanik Klavye,2,1162.04,2324.08
2024-07-26,Ergonomik Mouse,3,875.69,2627.07
2024-07-26,Monitör Kolu,3,1394.63,4183.89
2024-07-27,Laptop Standı,6,422.7,2536.2
2024-07-27,Mekanik Klavye,6,1228.88,7373.280000000001
2024-07-27,USB-C Hub,2,292.39,584.78
2024-07-27,Monitör Kolu,3,1595.65,4786.950000000001
2024-07-28,Laptop Standı,2,417.69,835.38
2024-07-28,Ergonomik Mouse,5,871.82,4359.1
2024-07-28,Monitör Kolu,3,1443.56,4330.68
2024-07-29,Mekanik Klavye,2,1213.28,2426.56
2024-07-29,USB-C Hub,5,272.44,1362.2
2024-07-29,Ergonomik Mouse,5,878.49,4392.45
2024-07-29,Monitör Kolu,2,1361.31,2722.62
2024-07-30,Ergonomik Mouse,5,867.38,4336.9
2024-07-30,Monitör Kolu,2,1575.96,3151.92
2024-07-31,Laptop Standı,4,409.8,1639.2
2024-07-31,Mekanik Klavye,4,1131.63,4526.52
2024-07-31,Ergonomik Mouse,2,831.59,1663.18
2024-07-31,Monitör Kolu,2,1413.23,2826.46
2024-08-01,Ergonomik Mouse,5,801.44,4007.2000000000003
2024-08-01,Monitör Kolu,5,1395.99,6979.95
2024-08-02,Laptop Standı,4,417.99,1671.96
2024-08-02,Mekanik Klavye,3,1134.41,3403.2300000000005
2024-08-02,USB-C Hub,5,284.84,1424.1999999999998
2024-08-02,Monitör Kolu,5,1408.23,7041.15
2024-08-03,Laptop Standı,6,422.47,2534.82
2024-08-03,Mekanik Klavye,3,1101.0,3303.0
2024-08-03,USB-C Hub,5,270.33,1351.6499999999999
2024-08-04,Laptop Standı,3,491.19,1473.57
2024-08-04,USB-C Hub,3,325.72,977.1600000000001
2024-08-04,Ergonomik Mouse,5,838.46,4192.3
2024-08-04,Monitör Kolu,3,1567.49,4702.47
2024-08-05,Mekanik Klavye,1,1119.65,1119.65
2024-08-05,USB-C Hub,2,282.25,564.5
2024-08-06,Laptop Standı,2,408.73,817.46
2024-08-06,Mekanik Klavye,1,1184.04,1184.04
2024-08-06,USB-C Hub,5,275.25,1376.25
2024-08-06,Monitör Kolu,3,1514.19,4542.57
2024-08-07,Laptop Standı,2,408.04,816.08
2024-08-07,Mekanik Klavye,2,1235.28,2470.56
2024-08-08,Mekanik Klavye,5,1234.0,6170.0
2024-08-08,Ergonomik Mouse,1,880.42,880.42
2024-08-08,Monitör Kolu,2,1558.1,3116.2
2024-08-09,USB-C Hub,2,305.8,611.6
2024-08-09,Ergonomik Mouse,1,787.02,787.02
2024-08-09,Monitör Kolu,3,1473.66,4420.9800000000005
2024-08-10,Mekanik Klavye,6,1210.47,7262.82
2024-08-10,USB-C Hub,6,283.83,1702.98
2024-08-10,Monitör Kolu,3,1455.28,4365.84
2024-08-11,Laptop Standı,5,440.49,2202.45
2024-08-11,Ergonomik Mouse,5,919.99,4599.95
2024-08-11,Monitör Kolu,1,1440.46,1440.46
2024-08-12,Mekanik Klavye,4,1267.99,5071.96
2024-08-12,USB-C Hub,4,295.26,1181.04
2024-08-12,Monitör Kolu,2,1596.82,3193.64
2024-08-13,Laptop Standı,1,480.35,480.35
2024-08-13,Mekanik Klavye,4,1186.67,4746.68
2024-08-13,USB-C Hub,3,281.33,843.99
2024-08-13,Monitör Kolu,2,1377.23,2754.46
2024-08-14,Mekanik Klavye,4,1200.73,4802.92
2024-08-14,USB-C Hub,4,271.82,1087.28
2024-08-14,Ergonomik Mouse,5,834.98,4174.9
2024-08-14,Monitör Kolu,2,1504.7,3009.4
2024-08-15,Mekanik Klavye,4,1204.2,4816.8
2024-08-15,Ergonomik Mouse,3,906.89,2720.67
2024-08-15,Monitör Kolu,2,1476.42,2952.84
2024-08-16,Mekanik Klavye,4,1145.58,4582.32
2024-08-16,Ergonomik Mouse,2,895.99,1791.98
2024-08-16,Monitör Kolu,4,1383.21,5532.84
2024-08-17,Laptop Standı,3,415.37,1246.1100000000001
2024-08-17,USB-C Hub,1,319.18,319.18
2024-08-18,Laptop Standı,2,480.97,961.94
2024-08-18,Mekanik Klavye,1,1265.78,1265.78
2024-08-18,Ergonomik Mouse,6,829.34,4976.04
2024-08-18,Monitör Kolu,3,1577.32,4731.96
2024-08-19,Laptop Standı,4,490.59,1962.36
2024-08-19,Mekanik Klavye,4,1083.1,4332.4
2024-08-19,USB-C Hub,2,311.19,622.38
2024-08-19,Ergonomik Mouse,2,833.14,1666.28
2024-08-20,Mekanik Klavye,5,1103.79,5518.95
2024-08-20,USB-C Hub,4,320.41,1281.64
2024-08-20,Ergonomik Mouse,3,902.61,2707.83
2024-08-21,Laptop Standı,3,467.85,1403.5500000000002
2024-08-21,Mekanik Klavye,3,1168.89,3506.67
2024-08-21,USB-C Hub,3,282.41,847.23
2024-08-21,Ergonomik Mouse,2,846.11,1692.22
2024-08-21,Monitör Kolu,3,1618.62,4855.86
2024-08-22,Laptop Standı,5,415.48,2077.4
2024-08-22,Mekanik Klavye,5,1190.03,5950.15
2024-08-22,Monitör Kolu,2,1476.16,2952.32
2024-08-23,Mekanik Klavye,2,1295.74,2591.48
2024-08-23,USB-C Hub,3,293.07,879.21
2024-08-23,Ergonomik Mouse,3,825.84,2477.52
2024-08-23,Monitör Kolu,5,1554.85,7774.25
2024-08-24,Laptop Standı,6,447.24,2683.44
2024-08-24,Mekanik Klavye,1,1163.78,1163.78
2024-08-25,Laptop Standı,5,433.49,2167.45
2024-08-25,Mekanik Klavye,2,1167.15,2334.3
2024-08-25,USB-C Hub,5,324.75,1623.75
2024-08-25,Ergonomik Mouse,3,780.36,2341.08
2024-08-26,Laptop Standı,4,436.18,1744.72
2024-08-26,Mekanik Klavye,3,1124.98,3374.94
2024-08-26,USB-C Hub,3,307.64,922.92
2024-08-26,Ergonomik Mouse,4,890.13,3560.52
2024-08-27,Laptop Standı,4,407.3,1629.2
2024-08-27,Mekanik Klavye,1,1112.96,1112.96
2024-08-27,USB-C Hub,4,320.93,1283.72
2024-08-27,Monitör Kolu,5,1524.83,7624.15
2024-08-28,USB-C Hub,5,289.51,1447.55
2024-08-28,Ergonomik Mouse,1,926.35,926.35
2024-08-28,Monitör Kolu,3,1472.48,4417.4400000000005
2024-08-29,Laptop Standı,4,449.0,1796.0
2024-08-29,Mekanik Klavye,1,1087.2,1087.2
2024-08-29,USB-C Hub,5,329.05,1645.25
2024-08-30,Laptop Standı,3,467.05,1401.15
2024-08-30,Mekanik Klavye,4,1178.3,4713.2
2024-08-30,USB-C Hub,1,297.87,297.87
2024-08-30,Ergonomik Mouse,4,767.41,3069.64
2024-08-30,Monitör Kolu,5,1634.37,8171.849999999999
2024-08-31,Laptop Standı,5,453.21,2266.0499999999997
2024-08-31,Mekanik Klavye,1,1215.52,1215.52
2024-08-31,USB-C Hub,6,315.01,1890.06
2024-08-31,Ergonomik Mouse,1,914.83,914.83
2024-09-01,Laptop Standı,2,407.64,815.28
2024-09-01,USB-C Hub,3,280.38,841.14
2024-09-01,Ergonomik Mouse,6,792.55,4755.299999999999
2024-09-02,Laptop Standı,2,487.05,974.1
2024-09-02,Ergonomik Mouse,5,860.26,4301.3
2024-09-02,Monitör Kolu,2,1562.05,3124.1
2024-09-03,Laptop Standı,2,468.96,937.92
2024-09-03,Mekanik Klavye,3,1250.6,3751.7999999999997
2024-09-03,USB-C Hub,5,270.37,1351.85
2024-09-03,Ergonomik Mouse,1,820.33,820.33
2024-09-04,Mekanik Klavye,5,1220.44,6102.200000000001
2024-09-04,USB-C Hub,3,309.9,929.6999999999999
2024-09-04,Ergonomik Mouse,1,887.03,887.03
2024-09-05,Laptop Standı,4,460.83,1843.32
2024-09-05,Mekanik Klavye,3,1170.3,3510.8999999999996
2024-09-05,USB-C Hub,5,299.31,1496.55
2024-09-05,Monitör Kolu,5,1505.22,7526.1
2024-09-06,Laptop Standı,3,405.18,1215.54
2024-09-06,Mekanik Klavye,2,1305.52,2611.04
2024-09-06,Monitör Kolu,5,1401.65,7008.25
2024-09-07,Laptop Standı,3,453.47,1360.41
2024-09-07,Ergonomik Mouse,3,778.27,2334.81
2024-09-07,Monitör Kolu,2,1400.53,2801.06
2024-09-08,Mekanik Klavye,3,1303.32,3909.96
2024-09-08,USB-C Hub,6,272.19,1633.1399999999999
2024-09-08,Monitör Kolu,6,1534.08,9204.48
2024-09-09,Laptop Standı,3,422.13,1266.3899999999999
2024-09-09,USB-C Hub,3,314.08,942.24
2024-09-10,Laptop Standı,3,466.14,1398.42
2024-09-10,Mekanik Klavye,3,1198.79,3596.37
2024-09-10,USB-C Hub,4,289.27,1157.08
2024-09-11,USB-C Hub,1,310.64,310.64
2024-09-11,Ergonomik Mouse,5,796.67,3983.35
2024-09-11,Monitör Kolu,5,1606.48,8032.4
2024-09-12,Laptop Standı,5,477.18,2385.9
2024-09-12,Mekanik Klavye,1,1139.2,1139.2
2024-09-12,USB-C Hub,1,323.55,323.55
2024-09-13,Laptop Standı,3,452.85,1358.5500000000002
2024-09-13,Mekanik Klavye,1,1286.16,1286.16
2024-09-13,USB-C Hub,1,316.44,316.44
2024-09-14,Laptop Standı,1,468.63,468.63
2024-09-14,Mekanik Klavye,5,1157.75,5788.75
2024-09-14,USB-C Hub,2,280.82,561.64
2024-09-14,Ergonomik Mouse,6,828.35,4970.1
2024-09-14,Monitör Kolu,6,1647.27,9883.619999999999
2024-09-15,Laptop Standı,1,472.22,472.22
2024-09-15,Mekanik Klavye,1,1151.5,1151.5
2024-09-15,Ergonomik Mouse,1,916.98,916.98
2024-09-15,Monitör Kolu,1,1564.84,1564.84
2024-09-16,Ergonomik Mouse,5,919.1,4595.5
2024-09-17,Laptop Standı,3,494.33,1482.99
2024-09-17,Mekanik Klavye,5,1084.89,5424.450000000001
2024-09-17,Ergonomik Mouse,4,781.86,3127.44
2024-09-17,Monitör Kolu,5,1497.84,7489.2
2024-09-18,Laptop Standı,3,414.26,1242.78
2024-09-18,Mekanik Klavye,3,1223.71,3671.13
2024-09-18,USB-C Hub,3,286.01,858.03
2024-09-18,Ergonomik Mouse,4,874.5,3498.0
2024-09-18,Monitör Kolu,2,1642.28,3284.56
2024-09-19,Laptop Standı,4,414.19,1656.76
2024-09-19,Mekanik Klavye,2,1252.35,2504.7
2024-09-19,Ergonomik Mouse,5,795.4,3977.0
2024-09-19,Monitör Kolu,3,1557.67,4673.01
2024-09-20,Ergonomik Mouse,2,922.22,1844.44
2024-09-20,Monitör Kolu,3,1472.96,4418.88
2024-09-21,Laptop Standı,2,467.02,934.04
2024-09-21,Mekanik Klavye,6,1143.98,6863.88
2024-09-21,Monitör Kolu,5,1526.01,7630.05
2024-09-22,Laptop Standı,3,459.05,1377.15
2024-09-22,Mekanik Klavye,3,1099.58,3298.74
2024-09-22,USB-C Hub,3,296.78,890.3399999999999
2024-09-22,Ergonomik Mouse,3,771.88,2315.64
2024-09-22,Monitör Kolu,2,1590.64,3181.28
2024-09-23,Laptop Standı,5,487.16,2435.8
2024-09-23,Mekanik Klavye,1,1228.96,1228.96
2024-09-23,USB-C Hub,3,289.7,869.0999999999999
2024-09-23,Ergonomik Mouse,1,807.37,807.37
2024-09-24,Mekanik Klavye,5,1145.98,5729.9
2024-09-24,USB-C Hub,4,322.2,1288.8
2024-09-24,Ergonomik Mouse,2,889.98,1779.96
2024-09-24,Monitör Kolu,3,1370.04,4110.12
2024-09-25,Laptop Standı,3,462.42,1387.26
2024-09-25,Mekanik Klavye,4,1284.67,5138.68
2024-09-25,USB-C Hub,5,312.03,1560.1499999999999
2024-09-25,Monitör Kolu,5,1368.8,6844.0
2024-09-26,Laptop Standı,2,488.97,977.94
2024-09-26,Mekanik Klavye,4,1206.34,4825.36
2024-09-26,USB-C Hub,4,294.92,1179.68
2024-09-26,Ergonomik Mouse,2,856.64,1713.28
2024-09-26,Monitör Kolu,2,1480.64,2961.28
2024-09-27,Laptop Standı,5,459.09,2295.45
2024-09-27,Mekanik Klavye,4,1155.22,4620.88
2024-09-27,Monitör Kolu,3,1525.98,4577.9400000000005
2024-09-28,Laptop Standı,2,438.28,876.56
2024-09-28,Mekanik Klavye,3,1114.53,3343.59
2024-09-28,USB-C Hub,3,320.99,962.97
2024-09-28,Ergonomik Mouse,1,866.2,866.2
2024-09-28,Monitör Kolu,2,1512.32,3024.64
2024-09-29,Laptop Standı,2,423.74,847.48
2024-09-29,Mekanik Klavye,1,1185.32,1185.32
2024-09-29,Ergonomik Mouse,3,885.22,2655.66
2024-09-29,Monitör Kolu,3,1598.98,4796.9400000000005
2024-09-30,Laptop Standı,5,445.51,2227.55
2024-09-30,Mekanik Klavye,2,1261.88,2523.76
2024-09-30,Ergonomik Mouse,3,862.21,2586.63
2024-09-30,Monitör Kolu,3,1562.12,4686.36
2024-10-01,Laptop Standı,2,491.9,983.8
2024-10-01,Mekanik Klavye,4,1232.27,4929.08
2024-10-01,USB-C Hub,3,325.06,975.1800000000001
2024-10-01,Ergonomik Mouse,1,830.5,830.5
2024-10-01,Monitör Kolu,1,1595.66,1595.66
2024-10-02,USB-C Hub,5,296.4,1482.0
2024-10-02,Ergonomik Mouse,3,924.03,2772.09
2024-10-02,Monitör Kolu,1,1477.59,1477.59
2024-10-03,USB-C Hub,4,321.26,1285.04
2024-10-03,Ergonomik Mouse,1,931.62,931.62
2024-10-04,Laptop Standı,3,463.15,1389.4499999999998
2024-10-04,Mekanik Klavye,4,1228.01,4912.04
2024-10-04,USB-C Hub,4,301.79,1207.16
2024-10-04,Monitör Kolu,1,1464.05,1464.05
2024-10-05,Laptop Standı,1,470.27,470.27
2024-10-05,Mekanik Klavye,5,1269.21,6346.05
2024-10-05,USB-C Hub,5,282.83,1414.1499999999999
2024-10-05,Ergonomik Mouse,1,855.33,855.33
2024-10-05,Monitör Kolu,1,1460.75,1460.75
2024-10-06,USB-C Hub,1,295.12,295.12
2024-10-06,Ergonomik Mouse,1,828.12,828.12
2024-10-07,Mekanik Klavye,3,1235.52,3706.56
2024-10-07,USB-C Hub,4,281.2,1124.8
2024-10-07,Ergonomik Mouse,4,819.05,3276.2
2024-10-07,Monitör Kolu,5,1438.67,7193.35
2024-10-08,Laptop Standı,2,415.69,831.38
2024-10-08,Mekanik Klavye,1,1315.49,1315.49
2024-10-08,Ergonomik Mouse,1,919.81,919.81
2024-10-09,Laptop Standı,4,455.89,1823.56
2024-10-09,USB-C Hub,5,289.16,1445.8000000000002
2024-10-09,Monitör Kolu,3,1415.06,4245.18
2024-10-10,Laptop Standı,2,454.0,908.0
2024-10-10,Mekanik Klavye,1,1136.22,1136.22
2024-10-10,USB-C Hub,5,282.71,1413.55
2024-10-10,Ergonomik Mouse,5,902.22,4511.1
2024-10-10,Monitör Kolu,5,1610.34,8051.7
2024-10-11,Laptop Standı,1,474.17,474.17
2024-10-11,Mekanik Klavye,1,1080.78,1080.78
2024-10-11,USB-C Hub,4,278.18,1112.72
2024-10-11,Ergonomik Mouse,5,848.52,4242.6
2024-10-11,Monitör Kolu,1,1448.13,1448.13
2024-10-12,Laptop Standı,5,482.19,2410.95
2024-10-12,USB-C Hub,6,271.1,1626.6000000000001
2024-10-12,Ergonomik Mouse,2,844.06,1688.12
2024-10-12,Monitör Kolu,2,1641.41,3282.82
2024-10-13,Laptop Standı,1,425.19,425.19
2024-10-13,Mekanik Klavye,1,1126.67,1126.67
2024-10-13,USB-C Hub,5,327.93,1639.65
2024-10-13,Monitör Kolu,5,1616.13,8080.650000000001
2024-10-14,Mekanik Klavye,3,1289.82,3869.46
2024-10-14,Monitör Kolu,1,1358.07,1358.07
2024-10-15,Mekanik Klavye,5,1204.02,6020.1
2024-10-15,USB-C Hub,1,283.72,283.72
2024-10-15,Ergonomik Mouse,3,912.1,2736.3
2024-10-15,Monitör Kolu,1,1512.07,1512.07
2024-10-16,Ergonomik Mouse,1,877.74,877.74
2024-10-16,Monitör Kolu,2,1544.7,3089.4
2024-10-17,Laptop Standı,4,463.46,1853.84
2024-10-17,Mekanik Klavye,2,1260.82,2521.64
2024-10-17,Ergonomik Mouse,3,865.12,2595.36
2024-10-17,Monitör Kolu,1,1524.83,1524.83
2024-10-18,Laptop Standı,3,423.96,1271.8799999999999
2024-10-18,USB-C Hub,1,312.22,312.22
2024-10-18,Ergonomik Mouse,1,889.6,889.6
2024-10-18,Monitör Kolu,5,1445.48,7227.4
2024-10-19,Laptop Standı,1,465.25,465.25
2024-10-19,Mekanik Klavye,1,1184.75,1184.75
2024-10-19,Monitör Kolu,6,1584.63,9507.78
2024-10-20,Laptop Standı,6,472.34,2834.04
2024-10-20,Monitör Kolu,6,1513.33,9079.98
2024-10-21,Laptop Standı,2,426.24,852.48
2024-10-21,Mekanik Klavye,5,1220.83,6104.15
2024-10-21,USB-C Hub,3,308.77,926.31
2024-10-21,Ergonomik Mouse,5,876.07,4380.35
2024-10-21,Monitör Kolu,3,1563.73,4691.1900000000005
2024-10-22,Laptop Standı,2,423.34,846.68
2024-10-22,Ergonomik Mouse,3,894.37,2683.11
2024-10-22,Monitör Kolu,5,1372.98,6864.9
2024-10-23,Mekanik Klavye,4,1306.17,5224.68
2024-10-23,USB-C Hub,1,322.62,322.62
2024-10-23,Ergonomik Mouse,3,772.33,2316.9900000000002
2024-10-24,Mekanik Klavye,3,1193.45,3580.3500000000004
2024-10-24,USB-C Hub,2,327.16,654.32
2024-10-24,Monitör Kolu,3,1474.26,4422.78
2024-10-25,Laptop Standı,4,459.16,1836.64
2024-10-25,Mekanik Klavye,1,1169.48,1169.48
2024-10-25,USB-C Hub,3,287.53,862.5899999999999
2024-10-25,Monitör Kolu,1,1618.53,1618.53
2024-10-26,Laptop Standı,1,454.97,454.97
2024-10-26,Mekanik Klavye,2,1154.16,2308.32
2024-10-26,USB-C Hub,2,300.83,601.66
2024-10-26,Monitör Kolu,6,1466.84,8801.039999999999
2024-10-27,Laptop Standı,6,407.33,2443.98
2024-10-27,Mekanik Klavye,5,1110.9,5554.5
2024-10-27,USB-C Hub,2,323.29,646.58
2024-10-27,Ergonomik Mouse,1,881.27,881.27
2024-10-27,Monitör Kolu,6,1619.4,9716.400000000001
2024-10-28,Mekanik Klavye,3,1252.68,3758.04
2024-10-29,Mekanik Klavye,1,1084.56,1084.56
2024-10-29,USB-C Hub,4,290.36,1161.44
2024-10-29,Ergonomik Mouse,2,803.31,1606.62
2024-10-29,Monitör Kolu,2,1358.74,2717.48
2024-10-30,Laptop Standı,3,489.69,1469.07
2024-10-30,Ergonomik Mouse,3,805.49,2416.4700000000003
2024-10-30,Monitör Kolu,2,1437.12,2874.24
2024-10-31,Laptop Standı,5,418.45,2092.25
2024-10-31,Mekanik Klavye,3,1260.57,3781.71
2024-10-31,USB-C Hub,3,298.61,895.83
2024-10-31,Ergonomik Mouse,4,865.76,3463.04
2024-11-01,Laptop Standı,3,449.17,1347.51
2024-11-01,Mekanik Klavye,1,1244.67,1244.67
2024-11-01,Monitör Kolu,4,1625.6,6502.4
2024-11-02,Mekanik Klavye,5,1162.48,5812.4
2024-11-02,USB-C Hub,2,299.13,598.26
2024-11-02,Ergonomik Mouse,3,788.1,2364.3
2024-11-02,Monitör Kolu,2,1452.44,2904.88
2024-11-03,Laptop Standı,1,489.5,489.5
2024-11-03,USB-C Hub,1,314.4,314.4
2024-11-03,Ergonomik Mouse,6,836.65,5019.9
2024-11-04,Laptop Standı,2,426.62,853.24
2024-11-04,Ergonomik Mouse,2,874.98,1749.96
2024-11-05,Laptop Standı,5,430.07,2150.35
2024-11-05,Monitör Kolu,5,1580.76,7903.8
2024-11-06,Laptop Standı,5,418.62,2093.1
2024-11-06,Mekanik Klavye,5,1202.73,6013.65
2024-11-06,Monitör Kolu,3,1627.27,4881.8099999999995
2024-11-07,Laptop Standı,3,462.0,1386.0
2024-11-07,Mekanik Klavye,5,1198.89,5994.450000000001
2024-11-07,USB-C Hub,3,296.6,889.8000000000001
2024-11-07,Monitör Kolu,5,1534.73,7673.65
2024-11-08,Laptop Standı,2,434.63,869.26
2024-11-08,USB-C Hub,1,286.68,286.68
2024-11-09,Laptop Standı,6,459.28,2755.68
2024-11-09,USB-C Hub,1,285.19,285.19
2024-11-10,Laptop Standı,1,412.89,412.89
2024-11-10,Mekanik Klavye,1,1306.19,1306.19
2024-11-10,Monitör Kolu,2,1414.15,2828.3
2024-11-11,Laptop Standı,1,451.97,451.97
2024-11-11,Mekanik Klavye,4,1104.74,4418.96
2024-11-11,Ergonomik Mouse,1,779.63,779.63
2024-11-11,Monitör Kolu,2,1373.46,2746.92
2024-11-12,Laptop Standı,2,434.4,868.8
2024-11-12,Mekanik Klavye,4,1184.03,4736.12
2024-11-12,Ergonomik Mouse,5,858.94,4294.700000000001
2024-11-12,Monitör Kolu,4,1487.82,5951.28
2024-11-13,Mekanik Klavye,4,1188.94,4755.76
2024-11-13,USB-C Hub,1,312.31,312.31
2024-11-13,Monitör Kolu,2,1597.46,3194.92
2024-11-14,Laptop Standı,5,464.78,2323.8999999999996
2024-11-14,Ergonomik Mouse,1,900.52,900.52
2024-11-14,Monitör Kolu,5,1404.68,7023.400000000001
2024-11-15,Mekanik Klavye,2,1250.47,2500.94
2024-11-15,USB-C Hub,3,287.81,863.4300000000001
2024-11-15,Ergonomik Mouse,5,835.58,4177.900000000001
2024-11-16,Laptop Standı,3,446.55,1339.65
2024-11-16,USB-C Hub,3,323.73,971.19
2024-11-16,Ergonomik Mouse,2,855.32,1710.64
2024-11-17,Mekanik Klavye,2,1250.51,2501.02
2024-11-17,Monitör Kolu,5,1470.36,7351.799999999999
2024-11-18,USB-C Hub,3,276.73,830.19
2024-11-18,Ergonomik Mouse,4,859.63,3438.52
2024-11-18,Monitör Kolu,2,1477.43,2954.86
2024-11-19,Laptop Standı,2,468.52,937.04
2024-11-19,Mekanik Klavye,1,1223.19,1223.19
2024-11-19,USB-C Hub,1,314.06,314.06
2024-11-19,Ergonomik Mouse,1,797.46,797.46
2024-11-19,Monitör Kolu,1,1352.65,1352.65
2024-11-20,USB-C Hub,1,276.23,276.23
2024-11-20,Monitör Kolu,1,1534.36,1534.36
2024-11-21,Laptop Standı,2,456.7,913.4
2024-11-21,Mekanik Klavye,3,1240.1,3720.2999999999997
2024-11-21,USB-C Hub,4,320.06,1280.24
2024-11-21,Ergonomik Mouse,5,914.11,4570.55
2024-11-21,Monitör Kolu,3,1538.67,4616.01
2024-11-22,Laptop Standı,5,411.46,2057.2999999999997
2024-11-22,Mekanik Klavye,5,1150.41,5752.05
2024-11-22,USB-C Hub,2,310.18,620.36
2024-11-22,Ergonomik Mouse,4,900.6,3602.4
2024-11-22,Monitör Kolu,5,1454.21,7271.05
2024-11-23,Laptop Standı,2,419.46,838.92
2024-11-23,Ergonomik Mouse,3,773.75,2321.25
2024-11-24,Laptop Standı,1,489.81,489.81
2024-11-24,Ergonomik Mouse,2,861.77,1723.54
2024-11-24,Monitör Kolu,1,1634.98,1634.98
2024-11-25,USB-C Hub,1,327.83,327.83
2024-11-25,Ergonomik Mouse,4,786.22,3144.88
2024-11-25,Monitör Kolu,2,1530.31,3060.62
2024-11-26,Laptop Standı,4,439.0,1756.0
2024-11-26,Ergonomik Mouse,3,775.17,2325.5099999999998
2024-11-27,Laptop Standı,5,486.29,2431.4500000000003
2024-11-27,Mekanik Klavye,4,1220.1,4880.4
2024-11-27,USB-C Hub,4,295.48,1181.92
2024-11-27,Monitör Kolu,1,1474.77,1474.77
2024-11-28,Laptop Standı,4,475.84,1903.36
2024-11-28,Mekanik Klavye,1,1163.1,1163.1
2024-11-28,USB-C Hub,4,293.28,1173.12
2024-11-28,Monitör Kolu,4,1374.87,5499.48
2024-11-29,Laptop Standı,4,425.38,1701.52
2024-11-29,Mekanik Klavye,1,1138.84,1138.84
2024-11-29,Ergonomik Mouse,2,789.25,1578.5
2024-11-30,Laptop Standı,2,477.39,954.78
2024-11-30,Mekanik Klavye,5,1146.41,5732.05
2024-11-30,USB-C Hub,3,285.75,857.25
2024-11-30,Ergonomik Mouse,2,856.41,1712.82
2024-11-30,Monitör Kolu,6,1372.57,8235.42
2024-12-01,Laptop Standı,1,470.83,470.83
2024-12-01,Mekanik Klavye,5,1172.1,5860.5
2024-12-01,USB-C Hub,1,327.98,327.98
2024-12-01,Ergonomik Mouse,1,872.65,872.65
2024-12-01,Monitör Kolu,6,1466.27,8797.619999999999
2024-12-02,Laptop Standı,1,467.88,467.88
2024-12-02,Mekanik Klavye,2,1308.9,2617.8
2024-12-02,Ergonomik Mouse,1,918.6,918.6
2024-12-02,Monitör Kolu,1,1471.86,1471.86
2024-12-03,Laptop Standı,2,430.86,861.72
2024-12-03,Mekanik Klavye,5,1304.22,6521.1
2024-12-03,USB-C Hub,1,305.6,305.6
2024-12-03,Ergonomik Mouse,5,866.08,4330.400000000001
2024-12-03,Monitör Kolu,5,1413.55,7067.75
2024-12-04,Laptop Standı,2,487.9,975.8
2024-12-04,Mekanik Klavye,1,1216.75,1216.75
2024-12-04,USB-C Hub,5,284.26,1421.3
2024-12-04,Ergonomik Mouse,1,868.06,868.06
2024-12-05,Ergonomik Mouse,1,812.68,812.68
2024-12-05,Monitör Kolu,1,1446.55,1446.55
2024-12-06,Laptop Standı,3,486.39,1459.17
2024-12-06,USB-C Hub,2,329.27,658.54
2024-12-06,Ergonomik Mouse,5,782.44,3912.2000000000003
2024-12-06,Monitör Kolu,1,1574.41,1574.41
2024-12-07,Laptop Standı,5,445.34,2226.7
2024-12-07,Mekanik Klavye,5,1117.81,5589.049999999999
2024-12-07,USB-C Hub,5,296.59,1482.9499999999998
2024-12-07,Monitör Kolu,1,1563.54,1563.54
2024-12-08,Laptop Standı,3,439.27,1317.81
2024-12-08,Mekanik Klavye,2,1207.19,2414.38
2024-12-08,Monitör Kolu,5,1372.74,6863.7
2024-12-09,Mekanik Klavye,3,1189.78,3569.34
2024-12-09,Ergonomik Mouse,2,889.26,1778.52
2024-12-09,Monitör Kolu,1,1632.54,1632.54
2024-12-10,Laptop Standı,4,431.56,1726.24
2024-12-10,Mekanik Klavye,3,1115.89,3347.67
2024-12-10,USB-C Hub,5,324.22,1621.1000000000001
2024-12-10,Ergonomik Mouse,5,896.78,4483.9
2024-12-10,Monitör Kolu,4,1442.86,5771.44
2024-12-11,Mekanik Klavye,2,1236.39,2472.78
2024-12-11,USB-C Hub,2,279.19,558.38
2024-12-12,Laptop Standı,2,418.78,837.56
2024-12-12,Mekanik Klavye,4,1309.4,5237.6
2024-12-12,Ergonomik Mouse,1,895.74,895.74
2024-12-12,Monitör Kolu,2,1452.92,2905.84
2024-12-13,Laptop Standı,2,444.01,888.02
2024-12-13,Ergonomik Mouse,4,908.32,3633.28
2024-12-13,Monitör Kolu,3,1512.32,4536.96
2024-12-14,Laptop Standı,5,430.9,2154.5
2024-12-14,Mekanik Klavye,1,1188.26,1188.26
2024-12-14,Ergonomik Mouse,6,889.43,5336.58
2024-12-14,Monitör Kolu,6,1642.91,9857.460000000001
2024-12-15,Ergonomik Mouse,3,832.35,2497.05
2024-12-15,Monitör Kolu,3,1370.37,4111.11
2024-12-16,Laptop Standı,2,463.8,927.6
2024-12-16,Mekanik Klavye,1,1248.08,1248.08
2024-12-16,USB-C Hub,1,299.81,299.81
2024-12-16,Ergonomik Mouse,5,786.82,3934.1000000000004
2024-12-17,Laptop Standı,5,478.64,2393.2
2024-12-17,Mekanik Klavye,2,1280.08,2560.16
2024-12-17,USB-C Hub,2,289.36,578.72
2024-12-17,Ergonomik Mouse,1,792.81,792.81
2024-12-18,Mekanik Klavye,3,1290.53,3871.59
2024-12-18,Monitör Kolu,4,1610.32,6441.28
2024-12-19,Mekanik Klavye,1,1103.74,1103.74
2024-12-19,USB-C Hub,5,329.51,1647.55
2024-12-19,Ergonomik Mouse,4,872.71,3490.84
2024-12-19,Monitör Kolu,1,1583.57,1583.57
2024-12-20,Laptop Standı,2,479.8,959.6
2024-12-20,Mekanik Klavye,2,1308.71,2617.42
2024-12-20,Monitör Kolu,1,1408.72,1408.72
2024-12-21,Laptop Standı,1,446.77,446.77
2024-12-21,Mekanik Klavye,1,1101.74,1101.74
2024-12-21,USB-C Hub,2,290.07,580.14
2024-12-21,Monitör Kolu,2,1471.05,2942.1
2024-12-22,Laptop Standı,1,428.45,428.45
2024-12-22,Mekanik Klavye,3,1094.05,3282.1499999999996
2024-12-22,USB-C Hub,1,305.23,305.23
2024-12-22,Ergonomik Mouse,3,814.28,2442.84
2024-12-22,Monitör Kolu,3,1527.87,4583.61
2024-12-23,Mekanik Klavye,2,1301.96,2603.92
2024-12-23,USB-C Hub,2,313.52,627.04
2024-12-23,Ergonomik Mouse,1,890.98,890.98
2024-12-23,Monitör Kolu,2,1414.67,2829.34
2024-12-24,Mekanik Klavye,1,1247.76,1247.76
2024-12-24,Ergonomik Mouse,5,907.66,4538.3
2024-12-25,Laptop Standı,5,410.51,2052.55
2024-12-25,USB-C Hub,2,287.28,574.56
2024-12-25,Ergonomik Mouse,3,892.35,2677.05
2024-12-26,Laptop Standı,5,434.94,2174.7
2024-12-26,USB-C Hub,3,321.58,964.74
2024-12-26,Ergonomik Mouse,3,811.85,2435.55
2024-12-26,Monitör Kolu,3,1408.58,4225.74
2024-12-27,Laptop Standı,3,483.99,1451.97
2024-12-27,Mekanik Klavye,5,1219.84,6099.2
2024-12-27,Ergonomik Mouse,5,775.31,3876.5499999999997
2024-12-27,Monitör Kolu,4,1404.42,5617.68
2024-12-28,Laptop Standı,2,492.59,985.18
2024-12-28,Mekanik Klavye,5,1101.75,5508.75
2024-12-28,Ergonomik Mouse,3,851.28,2553.84
2024-12-28,Monitör Kolu,2,1618.65,3237.3
2024-12-29,Laptop Standı,5,428.39,2141.95
2024-12-29,Mekanik Klavye,2,1209.77,2419.54
2024-12-29,USB-C Hub,2,288.34,576.68
2024-12-30,Mekanik Klavye,4,1237.1,4948.4
2024-12-30,Ergonomik Mouse,5,788.0,3940.0
2024-12-30,Monitör Kolu,4,1618.11,6472.44
